Javi,Ramos,javi@ramos,1,0
Admin,Admin,admin@admin.com,0,1
Ian,Ian,Ian,0,1
Jon,Atila,jon@atila.com,1,0
Galder,Delgar,Galder@delgar.com,0,1
Gerente,Gerente,gerente@gerente.com,0,1
Trabajador,Trabajador,trabajador@trabajador.com,1,0
